{"cameraMode":{"drawMode":0,"name":"Shaded","section":"Shading Mode"},"sceneLighting":false,"audioPlay":false,"sceneViewState":{"showFog":true,"showMaterialUpdate":true,"showSkybox":true,"showFlares":true,"showImageEffects":true,"showParticleSystems":true},"in2DMode":false,"pivot":{"x":-19.142845153808595,"y":10.707277297973633,"z":-7.057926177978516},"rotation":{"x":0.053042855113744739,"y":0.1512950211763382,"z":0.008152080699801445,"w":-0.9870396256446838},"size":56.53866958618164,"orthographic":false}