{"cameraMode":{"drawMode":0,"name":"Shaded","section":"Shading Mode"},"sceneLighting":false,"audioPlay":false,"sceneViewState":{"showFog":true,"showMaterialUpdate":true,"showSkybox":true,"showFlares":true,"showImageEffects":true,"showParticleSystems":true},"in2DMode":false,"pivot":{"x":-15.70256519317627,"y":21.383037567138673,"z":-1.2525138854980469},"rotation":{"x":-0.040343549102544788,"y":-0.14872416853904725,"z":0.006074313540011644,"w":-0.988038957118988},"size":32.85157775878906,"orthographic":false}